id;code;nom;prenom;service;etab;adresse;tel;poste;fax;email;photo;photo_content_type;type;login;passwd;u_rl
1;19969;pin-pon par suite de sitôt que;sous couleur de;ouah timide;désirer à cause de comme;ouin avertir envers;davantage;tellement;habile touriste oh;Valentin_Barbier@hotmail.fr;../fake-data/blob/hipster.png;image/png;secours redevenir amorphe;terne solitaire près de;peu proposer;hôte psitt
2;9873;tant;toc-toc crac vraisemblablement;secouriste;étant donné que égoïste jamais;égoïste lors de;innombrable membre titulaire comment;là-haut horrible;conseil d’administration certainement près;Pulcherie_Charles@yahoo.fr;../fake-data/blob/hipster.png;image/png;égoïste;ouin;debout;prou enfin
3;15923;en faveur de au-dehors tsoin-tsoin;lors pourpre;avant de protéger;déshabiller;bientôt;commissionnaire énoncer plouf;communauté étudiante trouver;partenaire énergique mépriser;Aurore.Schmitt@hotmail.fr;../fake-data/blob/hipster.png;image/png;oups aïe;hôte bien que;bousculer pff pendant;touriste antagoniste conseil d’administration
4;15463;commis tic-tac ha ha;sitôt que grâce à;quant à serviable;chauffer crac démontrer;aïe innombrable;surprendre fêter police;raide hors vroum;svelte coucher;Anthelmette_Berger66@yahoo.fr;../fake-data/blob/hipster.png;image/png;biathlète loin de;dès que afin que camarade;sus;espiègle
5;30105;alentour adversaire devoir;affable pourpre;envers boum conseil municipal;fonctionnaire;infime;plouf;miaou pourvu que;prier membre titulaire avant;Anastase.Pierre41@gmail.com;../fake-data/blob/hipster.png;image/png;ferme fourbe proposer;police jusqu’à ce que;hebdomadaire selon;triathlète
6;28199;alors que gouverner mature;concernant à demi;aussitôt que visiter patientèle;subito spécialiste pin-pon;pendant dedans;diablement groin groin loin;longtemps rectangulaire;dedans;Vincent.Laurent@hotmail.fr;../fake-data/blob/hipster.png;image/png;fourbe en;avant plus en dépit de;dissiper;avant bien que
7;22089;désirer;neutre aigre;membre du personnel areu areu deçà;âcre même si;fournir touriste;lunatique soit;moyennant affable comment;en faveur de vivace;Eleonore74@hotmail.fr;../fake-data/blob/hipster.png;image/png;actionnaire amuser;vivre;novice;en dehors de multiple
8;20455;infiniment;lorsque chef;amuser spécialiste de façon que;aligner;passablement;après;de façon à ce que dès de sorte que;consoler puis;Emeric_Fabre@hotmail.fr;../fake-data/blob/hipster.png;image/png;pendant que dessous magnifique;jeune enfant;falloir concurrence;adversaire délivrer
9;14806;dessous afin que vorace;avant de groin groin partout;gens du moment que avant;aussitôt que hier;glouglou jusqu’à ce que;smack;groin groin;vis-à-vie de jusqu’à ce que en dehors de;Roland64@hotmail.fr;../fake-data/blob/hipster.png;image/png;mince vu que dès que;mal conseil d’administration;écouter direction;au-devant administration
10;14273;spécialiste altruiste marron;là vu que;retomber puisque de façon que;pauvre crac membre de l’équipe;envers;corps enseignant d’autant que;aux environs de;plic;Chrysole_Lemoine35@yahoo.fr;../fake-data/blob/hipster.png;image/png;déjà;personnel sitôt que débile;super au-dedans de fonctionnaire;ensemble soulager à condition que
