id;code;nom;prenom;service;etab;adresse;tel;fax;email;u_rl;login;passwd;photo;photo_content_type;type;type_user;first_name;last_name;image_url;activated
1;25922;puisque d'après;croiser sans doute sombre;quand;même si moyennant a;cerner parce que;si bien que mairie;gêner;Eloise_Rey60@yahoo.fr;de peur que rencontrer;"Fr7n";redevenir avant que;../fake-data/blob/hipster.png;image/png;sédentaire innombrable;commis de cuisine maintenant;Simon;Rey;boire si bien que;false
2;27265;administration incognito incalculable;foule réduire dépendre;circulaire;plic trop peu;cot cot sous en dépit de;moderne glouglou;drelin apparemment;Fulcran.Fabre@gmail.com;guère;"gyK";à bas de trop de par;../fake-data/blob/hipster.png;image/png;ah badaboum grrr;ouch diplomate;Bénigne;Paris;au dépens de;false
3;14181;sitôt que sale;ouah biathlète troubler;camarade du fait que au moyen de;en vérité;coupable après que;sage verger ci;actionnaire;Elie.Lemaire@gmail.com;placide;"5keJ~q@BwE\sv\[pimD8V\8BfVID\;0a58\Tk-GY";enfin derrière;../fake-data/blob/hipster.png;image/png;toc téméraire;doucement;Chrysostome;Adam;sitôt que;false
4;16462;oups au-dessous de;hôte;camarade;de sorte que amorphe rédaction;en bas de équipe de recherche à condition que;membre du personnel quant à totalement;minuscule terne lunatique;Ancelin.Fontaine@yahoo.fr;conseil d’administration;"AP6f6@JEuD\2Mb\RUbsOum";surveiller cocorico étant donné que;../fake-data/blob/hipster.png;image/png;après que quitte à deçà;défendre;Caroline;Barre;aussitôt que avant à seule fin de;true
5;28349;au moyen de neutre combien;miam antique tranquille;divinement partenaire autour de;gratis débattre;après que en dehors de séculaire;magnifique insuffisamment;puisque;Zoe.Jacquet18@gmail.com;cyan;"qS5";bien exiger;../fake-data/blob/hipster.png;image/png;du moment que;chut;Alix;Blanchard;porte-parole fade hystérique;true
6;224;céder collègue;euh calme tsoin-tsoin;dans la mesure où vorace;glouglou;gestionnaire hors de;porte-parole;ouf hier plaisanter;Maximilien0@hotmail.fr;chef boire à l'égard de;"-_x";soudain franco;../fake-data/blob/hipster.png;image/png;bousculer pschitt demain;incalculable sembler assez;Ascension;Colin;ouille plouf;true
7;28963;toc-toc placide;étant donné que;de sorte que cot cot;pendant que de manière à;gratis;quand ?;vorace;Antide39@hotmail.fr;tsoin-tsoin;"M";bè près de;../fake-data/blob/hipster.png;image/png;grâce à mairie porte-parole;commissionnaire;Guenièvre;Aubry;au-dessus de toc;true
8;30515;cot cot commis de cuisine;précisément;sauf à;demain;vibrer;jeune;ouf présidence guide;Conception_Lacroix50@gmail.com;en outre de;"tIoLkV@fOQ9\Ozuz5g";sauvage;../fake-data/blob/hipster.png;image/png;en dépit de près;différer terne;Pécine;Jacquet;pschitt étant donné que oui;true
9;21830;blablabla mélancolique;sitôt que d’autant que atchoum;corner;sombre comme mélancolique;diplomate;chef parmi;de la part de;Aphelie_Fournier65@hotmail.fr;puisque affranchir;"wSd";habile corps enseignant personnel professionnel;../fake-data/blob/hipster.png;image/png;touriste;contre;Jocelyne;Legrand;toucher;false
10;30315;crac de façon que;brusque aussitôt population du Québec;insipide sans que;aïe;gérer;vaste à l'exception de;devant sans que juriste;Francine.Nguyen@hotmail.fr;snob vlan puis;"oNQq9";prononcer;../fake-data/blob/hipster.png;image/png;oups exploiter;en outre de quasiment;Brigitte;Benoit;athlète élargir quant à;true
