id;c_in;nom_medecin;prenom_medecin;grade;type_medecin;gouvernorat_m;adresse_m;tel_m;poste_m;fax_m;email_m;hopital;service;image;image_content_type;login;passwd;u_rl
1;6769;délégation amorphe;broum carrément;soudain groin groin aussitôt que;tic-tac volontiers recruter;boum dans la mesure où quand ?;blablabla dorénavant;tellement tisser;sympathique;spécialiste personnel rose;moins;ha ha badaboum tenter;commis de cuisine plic;../fake-data/blob/hipster.png;image/png;certes séculaire rembourser;si bien que commissionnaire;juriste
2;31772;résulter;ci euh;snob à demi;jusqu’à ce que;police;biathlète complètement restituer;sédentaire tisser;inciter vroum jeune enfant;triathlète égoïste;de manière à ce que;observer aïe ronron;goûter;../fake-data/blob/hipster.png;image/png;sans que;rose à partir de en bas de;aimable
3;23956;téméraire rectorat;tic-tac décider;à l'égard de dynamique trop peu;rester au dépens de à peu près;à l'exception de;ha;à partir de;conseil d’administration atchoum extatique;membre titulaire y;orange dès que vraiment;du moment que empêcher tandis que;après tellement;../fake-data/blob/hipster.png;image/png;insolite touchant;mairie ha étant donné que;jusqu’à ce que secours
4;26986;gestionnaire;puisque à seule fin de juriste;vroum ci;grrr actionnaire vroum;tard;où;envers;si dissocier;sitôt que examiner;prestataire de services résonner sacrifier;d'entre reparaître;pendant;../fake-data/blob/hipster.png;image/png;jeune enfant afin de perplexe;souvenir;au cas où
5;16649;apercevoir sans que;ouah vis-à-vie de;de peur de gestionnaire assez;loger référer;tant;enterrer à peu près;avant que;au cas où tic-tac;serviable adepte en dedans de;du moment que vorace éclaircir;désagréable;avant que;../fake-data/blob/hipster.png;image/png;camarade direction;au-dessous de;outre au point que propre
6;13901;main-d’œuvre à côté de hormis;dès que;bien que fade;dring au cas où;sauvage corps enseignant;glouglou regagner drelin;trop admirer;alentour conseil municipal vroum;juriste de crainte que;ouch malgré au-dessus de;afin de;si chef de cuisine;../fake-data/blob/hipster.png;image/png;toc de façon à ce que;antique dérober;guère contre
7;6673;pourvu que infime alors;coin-coin environ tic-tac;espérer en outre de;tant que en decà de parlementaire;quasi;nonobstant moderne gagner;administration mature cuicui;sincère dans coupable;tandis que consulter débile;débarquer;au point que;visiter boum;../fake-data/blob/hipster.png;image/png;absolument;zzzz horrible tellement;à raison de zzzz aux alentours de
8;16428;antique de peur que combattre;lectorat;avex gestionnaire;à cause de complètement gestionnaire;autour de boum aggraver;mériter sombre;toujours chef de cuisine;si infime décider;coac coac glouglou;de façon à ce que attraper hebdomadaire;voter cocorico crever;compenser hi;../fake-data/blob/hipster.png;image/png;croâ;poser;hi triathlète pour que
9;11357;extra commis;calme areu areu hôte;terne proche plic;cadre moyennant sourire;communauté étudiante parlementaire;crac;splendide tellement à l'instar de;cocorico même si;membre de l’équipe;séduire snif;vraisemblablement quand pendant que;en dépit de détecter de crainte que;../fake-data/blob/hipster.png;image/png;à peu près intrépide brûler;répéter pff personnel;loin de à même céans
10;14758;affranchir vite répandre;chef de cuisine maigre;badaboum grrr;moins;orange formuler hors de;inscrire conseil d’administration grrr;correspondre dès que mince;personnel professionnel;si conseil d’administration à côté de;incalculable pendant rudement;d’autant que au-delà dessus;membre à vie sauf;../fake-data/blob/hipster.png;image/png;mériter toujours;quoique étant donné que;ferme vétuste mairie
