id;code_sc;nom_sc;prenom_sc;service_sc;centre_sc;adresse_sc;tel_sc;email_sc;photo_sc;photo_sc_content_type;type_sc;login_sc;passwd_sc;u_rl
1;25251;gens;debout;camarade toc-toc;mature depuis;adversaire;maigre inscrire patientèle;du côté de vide par;../fake-data/blob/hipster.png;image/png;attribuer d'entre énergique;jamais tellement gigantesque;snif électorat ferme;paf horrible vétuste
2;12838;chut liquider propre;à côté de;collègue commis de cuisine insolite;du fait que psitt gratis;ding;conseil d’administration;arrière;../fake-data/blob/hipster.png;image/png;édifier tant que;ouf;plouf groin groin;tôt à l'entour de meuh
3;4963;envoyer;foule;sans que avant de pendant;dense touchant clac;cocorico;ding antique chez;mature caractériser comme;../fake-data/blob/hipster.png;image/png;ronron toc-toc;toucher;tsoin-tsoin électorat;communauté étudiante bousculer cuicui
4;21068;depuis maigre;glouglou;durant avant que;exagérer sauf;sans que;à condition que;spécialiste sauvage;../fake-data/blob/hipster.png;image/png;à l'insu de critiquer obéir;en dépit de;afin que efficace témoigner;grrr
5;24808;contre;glouglou;patientèle;avare en outre de évaluer;poser si;croâ cadre;antique;../fake-data/blob/hipster.png;image/png;adversaire;afin de;vivace là-haut;aimable refermer
6;20018;lorsque vraisemblablement lunatique;géométrique via;écrire ouah;blablabla placide;guide;si;toc-toc;../fake-data/blob/hipster.png;image/png;caresser déclencher;jaillir boum devant;en vérité incognito de sorte que;puis
7;5955;grrr;comment membre à vie;de manière à ce que pff lâche;par suite de concernant tic-tac;depuis crier vu que;assez quelque financer;camarade de façon à;../fake-data/blob/hipster.png;image/png;admirablement hi;au cas où splendide ha ha;cot cot mélanger;paf
8;23919;zzzz par rapport à;cadre;vide au cas où entre-temps;foule;incalculable d'abord;aïe;aussitôt que;../fake-data/blob/hipster.png;image/png;en plus de puisque;cuicui;là-haut égoïste;de sorte que camarade
9;29092;dans;excéder;tchou tchouu;filer;tellement blême drelin;croâ suivant au dépens de;mélancolique après approximativement;../fake-data/blob/hipster.png;image/png;triathlète rectorat;glouglou;foule main-d’œuvre;coupable ha proche
10;11196;vorace afin que;grrr hi;durant à bas de miaou;hôte marron pin-pon;hé auparavant toc;d’autant que redescendre même si;d'après exprès vivace;../fake-data/blob/hipster.png;image/png;infiniment lâche en vérité;sus en outre de;brusque aïe perplexe;cyan
